class,objects,images,videos,obj_per_img_mean,obj_per_img_max,area_median_pct,small_pct,medium_pct,large_pct
person,47192,26149,1691,1.8,17,0.18,73.1,23.8,3.1
bicycle,10003,6581,1367,1.52,11,0.256,63.3,33.6,3.1
scooter,351,224,124,1.57,22,0.124,83.2,16.0,0.9
motorcycle,9039,6731,1261,1.34,11,0.38,54.0,37.1,9.0
car,147131,55957,1800,2.63,24,0.386,53.3,34.4,12.3
bus,11321,6484,1323,1.75,16,0.438,50.4,37.9,11.7
other_vehicle,35379,21516,1681,1.64,21,0.483,48.0,37.4,14.7
obstacle,293918,82745,1840,3.55,37,0.308,61.3,34.5,4.2
stairs,399,372,115,1.07,5,2.307,26.1,37.3,36.6
traffic_light,26796,11106,1374,2.41,15,0.041,97.8,2.2,0.0
