split,class,objects,images,videos,obj_per_img_mean,obj_per_img_max,area_median_pct,small_pct,medium_pct,large_pct
train,person,4695,2441,659,1.92,17,0.184,73.1,23.6,3.3
train,bicycle,994,593,259,1.68,9,0.232,66.8,30.2,3.0
train,scooter,197,144,90,1.37,7,0.122,80.7,17.8,1.5
train,motorcycle,709,476,229,1.49,6,0.268,65.2,29.9,4.9
train,car,12820,4783,871,2.68,18,0.24,65.9,28.8,5.3
train,bus,1432,823,334,1.74,9,0.413,52.0,38.8,9.1
train,other_vehicle,3146,1778,563,1.77,12,0.334,58.3,35.0,6.7
train,obstacle,35116,7556,960,4.65,35,0.273,65.6,31.6,2.8
train,stairs,264,247,82,1.07,5,2.253,25.4,37.9,36.7
train,traffic_light,18598,7750,953,2.4,15,0.042,97.9,2.1,0.0
val,person,311,160,93,1.94,8,0.166,74.9,21.2,3.9
val,bicycle,156,100,68,1.56,7,0.288,57.1,34.6,8.3
val,scooter,60,47,21,1.28,6,0.079,86.7,13.3,0.0
val,motorcycle,129,100,74,1.29,4,0.302,61.2,25.6,13.2
val,car,596,226,135,2.64,15,0.269,60.6,30.0,9.4
val,bus,175,100,75,1.75,7,0.291,61.1,29.1,9.7
val,other_vehicle,163,100,72,1.63,11,0.332,52.8,35.0,12.3
val,obstacle,1341,355,182,3.78,14,0.318,59.2,36.6,4.2
val,stairs,56,53,13,1.06,2,2.83,21.4,39.3,39.3
val,traffic_light,248,100,72,2.48,9,0.031,97.6,2.4,0.0
test,person,7174,4054,256,1.77,10,0.188,72.5,24.4,3.1
test,bicycle,1600,1031,207,1.55,11,0.286,59.8,36.3,3.9
test,scooter,94,33,13,2.85,22,0.162,86.2,13.8,0.0
test,motorcycle,1394,1025,185,1.36,9,0.413,51.8,37.9,10.3
test,car,22566,8307,271,2.72,24,0.373,53.9,34.2,11.9
test,bus,1978,1138,200,1.74,13,0.497,47.3,40.7,12.0
test,other_vehicle,5317,3286,256,1.62,11,0.506,46.8,37.3,15.9
test,obstacle,43540,12123,274,3.59,27,0.308,61.2,34.6,4.3
test,stairs,79,72,20,1.1,2,1.624,31.6,34.2,34.2
test,traffic_light,4193,1680,209,2.5,12,0.038,97.9,2.1,0.0
