id,mode,encoder,seeds,mask_map50_95,mask_map50_95_std,mask_map50,mask_map50_std,box_map50_95,box_map50_95_std,person_ap,bicycle_ap,scooter_ap,motorcycle_ap,car_ap,bus_ap,other_vehicle_ap,obstacle_ap,stairs_ap,traffic_light_ap,latency_ms_bs1_fp16,fps_bs1_fp16,params_fm_used_at_inference,delta_vs_E0
A6,fusion,c-radio_v4-so400m,1,0.3578,0.0,0.6294,0.0,0.4587,0.0,0.4249,0.2876,0.1824,0.4415,0.5183,0.4459,0.397,0.3789,0.3285,0.1731,47.78,20.9,431237232,0.0744
A2a,fusion,dinov2_b,1,0.3358,0.0,0.6038,0.0,0.433,0.0,0.396,0.2481,0.1689,0.4258,0.4914,0.4343,0.3657,0.3609,0.2953,0.1721,22.28,44.9,86580480,0.0524
A2b,fusion,dinov3_b,1,0.3321,0.0,0.5907,0.0,0.4263,0.0,0.3922,0.2649,0.1601,0.4002,0.5013,0.4316,0.3726,0.3539,0.2877,0.1568,27.13,36.9,85660416,0.0487
A3a,fusion,dinov2_b+siglip2_b,1,0.3315,0.0,0.604,0.0,0.4343,0.0,0.4014,0.2508,0.1893,0.4107,0.5022,0.4349,0.3626,0.3614,0.2476,0.1538,34.03,29.4,180100608,0.0481
A5,fusion,c-radio_v3-b,1,0.3269,0.0,0.588,0.0,0.4203,0.0,0.3906,0.2253,0.1676,0.4069,0.4936,0.4015,0.3413,0.3653,0.306,0.1704,20.79,48.1,98254848,0.0435
A3b,fusion,dinov3_b+siglip2_b,1,0.3255,0.0,0.5829,0.0,0.4247,0.0,0.3893,0.2395,0.1678,0.408,0.5042,0.4224,0.345,0.353,0.2796,0.1461,46.92,21.3,179180544,0.0421
A4,fusion,radio_v2.5-b,1,0.3184,0.0,0.5772,0.0,0.4147,0.0,0.3825,0.2391,0.135,0.3915,0.4879,0.4005,0.3264,0.358,0.2937,0.1695,20.83,48.0,98233344,0.035
A1,fusion,siglip2_b,1,0.3133,0.0,0.5721,0.0,0.4077,0.0,0.3847,0.2433,0.1362,0.3988,0.5002,0.4086,0.3232,0.3338,0.2742,0.1297,28.58,35.0,93520128,0.0299
B5,distill,c-radio_v3-b,1,0.2861,0.0,0.5194,0.0,0.367,0.0,0.3559,0.218,0.1332,0.3618,0.4681,0.3797,0.2394,0.3069,0.285,0.1136,13.08,76.5,0,0.0027
B4,distill,radio_v2.5-b,1,0.2848,0.0,0.53,0.0,0.3717,0.0,0.3652,0.2133,0.127,0.3644,0.4698,0.3637,0.2474,0.3136,0.2609,0.1222,10.67,93.7,0,0.0014
E0,none,-,1,0.2834,0.0,0.519,0.0,0.3697,0.0,0.3585,0.2049,0.1428,0.3562,0.4704,0.3647,0.2434,0.3206,0.2391,0.1338,10.45,95.7,0,0.0
B3a,distill,dinov2_b+siglip2_b,1,0.2805,0.0,0.5241,0.0,0.3616,0.0,0.3764,0.1941,0.1351,0.3387,0.4794,0.3526,0.2511,0.3023,0.257,0.1184,12.83,78.0,0,-0.0029
B2a,distill,dinov2_b,1,0.28,0.0,0.5124,0.0,0.3624,0.0,0.3602,0.2106,0.1332,0.3567,0.4693,0.3599,0.2418,0.3129,0.2434,0.1116,10.42,95.9,0,-0.0034
B6,distill,c-radio_v4-so400m,1,0.2797,0.0,0.5184,0.0,0.3582,0.0,0.3517,0.1987,0.1264,0.3499,0.4754,0.3496,0.2494,0.3257,0.2455,0.1242,12.91,77.4,0,-0.0037
B1,distill,siglip2_b,1,0.2778,0.0,0.5162,0.0,0.3633,0.0,0.3496,0.2112,0.1224,0.3448,0.4723,0.3757,0.2405,0.3198,0.2187,0.1232,10.27,97.4,0,-0.0056
B3b,distill,dinov3_b+siglip2_b,1,0.2771,0.0,0.5136,0.0,0.3627,0.0,0.3581,0.1937,0.1468,0.3474,0.4772,0.352,0.2455,0.3017,0.2442,0.1045,10.59,94.4,0,-0.0063
B2b,distill,dinov3_b,1,0.2759,0.0,0.5107,0.0,0.3578,0.0,0.365,0.2174,0.1125,0.3424,0.4782,0.3642,0.2267,0.3162,0.2195,0.1164,10.57,94.6,0,-0.0075
