dataset,split,source_file,source_filekey,source_size_GB,images,target_images,target_objects,target_images_per_GB
188,Training,c_train_1280_720_daylight_9.tar,49283,6.0,30000,3328,4642,555
188,Training,c_train_1280_720_daylight_1.tar,49275,6.0,30000,4917,7230,820
188,Training,c_train_1280_720_daylight_2.tar,49276,6.0,30000,6712,10453,1119
188,Training,c_train_1280_720_daylight_3.tar,49277,6.0,30000,4730,7265,788
188,Training,c_train_1280_720_daylight_4.tar,49278,6.0,30000,3132,4576,522
188,Training,c_train_1280_720_daylight_5.tar,49279,6.0,30000,4859,7812,810
188,Training,c_train_1280_720_daylight_6.tar,49280,6.0,30000,4828,7376,805
188,Training,c_train_1280_720_daylight_7.tar,49281,7.0,30000,6521,9281,932
188,Training,c_train_1280_720_daylight_8.tar,49282,6.0,30000,5753,8149,959
188,Training,c_train_1280_720_daylight_10.tar,49284,7.0,30000,7184,11203,1026
188,Training,c_train_1280_720_daylight_11.tar,49285,6.0,30000,6317,10238,1053
188,Training,c_train_1280_720_daylight_12.tar,49286,6.0,30000,7610,12077,1268
188,Training,c_train_1280_720_daylight_13.tar,49287,6.0,30000,4624,7015,771
188,Training,c_train_1280_720_daylight_14.tar,49288,6.0,30000,3976,6335,663
188,Training,c_train_1280_720_daylight_15.tar,49289,6.0,30000,6063,8867,1010
188,Training,c_train_1280_720_daylight_16.tar,49290,6.0,30000,6210,9797,1035
188,Training,c_train_1280_720_daylight_17.tar,49291,6.0,30000,5258,8127,876
188,Training,c_train_1280_720_daylight_18.tar,49292,5.0,21604,5749,9327,1150
188,Training,c_train_1280_720_night_1.tar,49293,1.0,6771,674,953,674
188,Training,c_train_1920_1200_daylight_5.tar,49241,8.0,15000,3725,7129,466
188,Training,c_train_1920_1200_daylight_6.tar,49242,9.0,15000,2287,3735,254
188,Training,c_train_1920_1200_daylight_7.tar,49243,7.0,13089,3744,6965,535
188,Training,c_train_1920_1200_daylight_1.tar,49237,9.0,15000,3507,5991,390
188,Training,c_train_1920_1200_daylight_2.tar,49238,9.0,15000,3730,8262,414
188,Training,c_train_1920_1200_daylight_3.tar,49239,9.0,15000,5617,10248,624
188,Training,c_train_1920_1200_daylight_4.tar,49240,9.0,15000,5042,9927,560
188,Training,c_train_1920_1200_night_1.tar,49244,0.3,730,61,78,230
188,Training,d_train_1920_1080_daylight_16.tar,49235,5.0,9040,2027,2812,405
188,Training,d_train_1920_1080_daylight_1.tar,49294,8.0,15000,3079,5559,385
188,Training,d_train_1920_1080_daylight_2.tar,49295,7.0,15000,3296,5597,471
188,Training,d_train_1920_1080_daylight_3.tar,49296,8.0,15000,3362,6096,420
188,Training,d_train_1920_1080_daylight_4.tar,49297,8.0,15000,3503,5940,438
188,Training,d_train_1920_1080_daylight_5.tar,49298,8.0,15000,3320,5042,415
188,Training,d_train_1920_1080_daylight_6.tar,49299,8.0,15000,3167,4635,396
188,Training,d_train_1920_1080_daylight_7.tar,49300,8.0,15000,3122,4557,390
188,Training,d_train_1920_1080_daylight_8.tar,49301,8.0,15000,3530,5273,441
188,Training,d_train_1920_1080_daylight_9.tar,49228,8.0,15000,3246,5768,406
188,Training,d_train_1920_1080_daylight_10.tar,49229,8.0,15000,3104,4506,388
188,Training,d_train_1920_1080_daylight_11.tar,49230,8.0,15000,3351,4811,419
188,Training,d_train_1920_1080_daylight_12.tar,49231,8.0,15000,3167,4407,396
188,Training,d_train_1920_1080_daylight_13.tar,49232,8.0,15000,2989,4475,374
188,Training,d_train_1920_1080_daylight_14.tar,49233,8.0,15000,2967,4395,371
188,Training,d_train_1920_1080_daylight_15.tar,49234,8.0,15000,3108,4569,388
188,Training,d_train_1920_1080_night_1.tar,49236,4.0,8591,1733,2614,433
188,Validation,c_validation_1280_720_daylight_1.tar,49256,6.0,30000,6019,9395,1003
188,Validation,c_validation_1280_720_daylight_2.tar,49257,6.0,30000,4707,7177,784
188,Validation,c_validation_1280_720_daylight_3.tar,49258,1.0,6553,1412,2250,1412
188,Validation,c_validation_1280_720_night_1.tar,49259,0.1,847,79,109,552
188,Validation,d_validation_1920_1080_daylight_1.tar,49260,8.0,15000,3456,5052,432
188,Validation,d_validation_1920_1080_daylight_2.tar,49261,8.0,14401,2742,3809,343
188,Validation,d_validation_1920_1080_night_1.tar,49262,0.5,1099,249,328,499
188,Validation,c_validation_1920_1200_daylight_1.tar,49263,7.0,12907,3371,6332,482
188,Validation,c_validation_1920_1200_night_1.tar,49195,0.0,93,8,10,258
